Workbook

Sheet 요약
A1: 미리 사용자 체험 결과 요약
A2: 참여자별 기록 시트에 입력하면 자동 계산됨. 성공률 분모는 해당 과제 결과를 적은 인원
A4: 과제 | B4: 기록 인원 | C4: 성공 | D4: 도움 성공 | E4: 실패 | F4: 성공률(도움 없이) | G4: 성공률(도움 포함) | H4: 평균 시간(초) | I4: 중앙 시간(초)
A5: 1 배정 받기 | B5: =COUNTA('참여자별 기록'!E2:E41) | C5: =COUNTIF('참여자별 기록'!E2:E41,"성공") | D5: =COUNTIF('참여자별 기록'!E2:E41,"도움 성공") | E5: =COUNTIF('참여자별 기록'!E2:E41,"실패") | F5: =IF(B5=0,"",C5/B5) | G5: =IF(B5=0,"",(C5+D5)/B5) | H5: =IF(COUNT('참여자별 기록'!F2:F41)=0,"",AVERAGE('참여자별 기록'!F2:F41)) | I5: =IF(COUNT('참여자별 기록'!F2:F41)=0,"",MEDIAN('참여자별 기록'!F2:F41))
A6: 2 이송 보고 | B6: =COUNTA('참여자별 기록'!G2:G41) | C6: =COUNTIF('참여자별 기록'!G2:G41,"성공") | D6: =COUNTIF('참여자별 기록'!G2:G41,"도움 성공") | E6: =COUNTIF('참여자별 기록'!G2:G41,"실패") | F6: =IF(B6=0,"",C6/B6) | G6: =IF(B6=0,"",(C6+D6)/B6) | H6: =IF(COUNT('참여자별 기록'!H2:H41)=0,"",AVERAGE('참여자별 기록'!H2:H41)) | I6: =IF(COUNT('참여자별 기록'!H2:H41)=0,"",MEDIAN('참여자별 기록'!H2:H41))
A7: 3 실패 보고 | B7: =COUNTA('참여자별 기록'!I2:I41) | C7: =COUNTIF('참여자별 기록'!I2:I41,"성공") | D7: =COUNTIF('참여자별 기록'!I2:I41,"도움 성공") | E7: =COUNTIF('참여자별 기록'!I2:I41,"실패") | F7: =IF(B7=0,"",C7/B7) | G7: =IF(B7=0,"",(C7+D7)/B7) | H7: =IF(COUNT('참여자별 기록'!J2:J41)=0,"",AVERAGE('참여자별 기록'!J2:J41)) | I7: =IF(COUNT('참여자별 기록'!J2:J41)=0,"",MEDIAN('참여자별 기록'!J2:J41))
A8: 4 부족분 읽기 | B8: =COUNTA('참여자별 기록'!K2:K41) | C8: =COUNTIF('참여자별 기록'!K2:K41,"성공") | D8: =COUNTIF('참여자별 기록'!K2:K41,"도움 성공") | E8: =COUNTIF('참여자별 기록'!K2:K41,"실패") | F8: =IF(B8=0,"",C8/B8) | G8: =IF(B8=0,"",(C8+D8)/B8) | H8: =IF(COUNT('참여자별 기록'!L2:L41)=0,"",AVERAGE('참여자별 기록'!L2:L41)) | I8: =IF(COUNT('참여자별 기록'!L2:L41)=0,"",MEDIAN('참여자별 기록'!L2:L41))
A9: 5 훈련 발령 | B9: =COUNTA('참여자별 기록'!M2:M41) | C9: =COUNTIF('참여자별 기록'!M2:M41,"성공") | D9: =COUNTIF('참여자별 기록'!M2:M41,"도움 성공") | E9: =COUNTIF('참여자별 기록'!M2:M41,"실패") | F9: =IF(B9=0,"",C9/B9) | G9: =IF(B9=0,"",(C9+D9)/B9) | H9: =IF(COUNT('참여자별 기록'!N2:N41)=0,"",AVERAGE('참여자별 기록'!N2:N41)) | I9: =IF(COUNT('참여자별 기록'!N2:N41)=0,"",MEDIAN('참여자별 기록'!N2:N41))
A10: 6 서류 확인 | B10: =COUNTA('참여자별 기록'!O2:O41) | C10: =COUNTIF('참여자별 기록'!O2:O41,"성공") | D10: =COUNTIF('참여자별 기록'!O2:O41,"도움 성공") | E10: =COUNTIF('참여자별 기록'!O2:O41,"실패") | F10: =IF(B10=0,"",C10/B10) | G10: =IF(B10=0,"",(C10+D10)/B10) | H10: =IF(COUNT('참여자별 기록'!P2:P41)=0,"",AVERAGE('참여자별 기록'!P2:P41)) | I10: =IF(COUNT('참여자별 기록'!P2:P41)=0,"",MEDIAN('참여자별 기록'!P2:P41))
A12: SUS 응답 인원 | B12: =COUNT('참여자별 기록'!AB2:AB41)
A13: SUS 평균 점수 | B13: =IF(COUNT('참여자별 기록'!AB2:AB41)=0,"",AVERAGE('참여자별 기록'!AB2:AB41))
A14: SUS 최저 | B14: =IF(COUNT('참여자별 기록'!AB2:AB41)=0,"",MIN('참여자별 기록'!AB2:AB41))
A15: SUS 최고 | B15: =IF(COUNT('참여자별 기록'!AB2:AB41)=0,"",MAX('참여자별 기록'!AB2:AB41))
A16: 추가11 평균(1~5) | B16: =IF(COUNT('참여자별 기록'!AA2:AA41)=0,"",AVERAGE('참여자별 기록'!AA2:AA41))
A17: 전체 참여 인원 | B17: =COUNTA('참여자별 기록'!C2:C41)
A19: SUS 점수 계산: 홀수 문항 (응답-1), 짝수 문항 (5-응답)을 더해 2.5를 곱함. 출처: Brooke, J. (1996). SUS: A quick and dirty usability scale. Usability Evaluation in Industry, pp. 189-194. Taylor and Francis
A20: 한국어 문항은 Team 오아시스 번역이며 검증된 한국어판이 아님. 과제 판정 기준과 진행 상한은 팀이 정한 값임

Sheet 참여자별 기록
A1: 참여 번호 | B1: 날짜 | C1: 참여 유형 | D1: 체험 구성 | E1: 과제1 결과 | F1: 과제1 시간(초) | G1: 과제2 결과 | H1: 과제2 시간(초) | I1: 과제3 결과 | J1: 과제3 시간(초) | K1: 과제4 결과 | L1: 과제4 시간(초) | M1: 과제5 결과 | N1: 과제5 시간(초) | O1: 과제6 결과 | P1: 과제6 시간(초) | Q1: SUS1 | R1: SUS2 | S1: SUS3 | T1: SUS4 | U1: SUS5 | V1: SUS6 | W1: SUS7 | X1: SUS8 | Y1: SUS9 | Z1: SUS10 | AA1: 추가11 바로 움직일 수 있음(1~5) | AB1: SUS 점수(자동) | AC1: 메모
A2: P-01 | AB2: =IF(COUNT(Q2:Z2)=10,((Q2-1)+(5-R2)+(S2-1)+(5-T2)+(U2-1)+(5-V2)+(W2-1)+(5-X2)+(Y2-1)+(5-Z2))*2.5,"")
A3: P-02 | AB3: =IF(COUNT(Q3:Z3)=10,((Q3-1)+(5-R3)+(S3-1)+(5-T3)+(U3-1)+(5-V3)+(W3-1)+(5-X3)+(Y3-1)+(5-Z3))*2.5,"")
A4: P-03 | AB4: =IF(COUNT(Q4:Z4)=10,((Q4-1)+(5-R4)+(S4-1)+(5-T4)+(U4-1)+(5-V4)+(W4-1)+(5-X4)+(Y4-1)+(5-Z4))*2.5,"")
A5: P-04 | AB5: =IF(COUNT(Q5:Z5)=10,((Q5-1)+(5-R5)+(S5-1)+(5-T5)+(U5-1)+(5-V5)+(W5-1)+(5-X5)+(Y5-1)+(5-Z5))*2.5,"")
A6: P-05 | AB6: =IF(COUNT(Q6:Z6)=10,((Q6-1)+(5-R6)+(S6-1)+(5-T6)+(U6-1)+(5-V6)+(W6-1)+(5-X6)+(Y6-1)+(5-Z6))*2.5,"")
A7: P-06 | AB7: =IF(COUNT(Q7:Z7)=10,((Q7-1)+(5-R7)+(S7-1)+(5-T7)+(U7-1)+(5-V7)+(W7-1)+(5-X7)+(Y7-1)+(5-Z7))*2.5,"")
A8: P-07 | AB8: =IF(COUNT(Q8:Z8)=10,((Q8-1)+(5-R8)+(S8-1)+(5-T8)+(U8-1)+(5-V8)+(W8-1)+(5-X8)+(Y8-1)+(5-Z8))*2.5,"")
A9: P-08 | AB9: =IF(COUNT(Q9:Z9)=10,((Q9-1)+(5-R9)+(S9-1)+(5-T9)+(U9-1)+(5-V9)+(W9-1)+(5-X9)+(Y9-1)+(5-Z9))*2.5,"")
A10: P-09 | AB10: =IF(COUNT(Q10:Z10)=10,((Q10-1)+(5-R10)+(S10-1)+(5-T10)+(U10-1)+(5-V10)+(W10-1)+(5-X10)+(Y10-1)+(5-Z10))*2.5,"")
A11: P-10 | AB11: =IF(COUNT(Q11:Z11)=10,((Q11-1)+(5-R11)+(S11-1)+(5-T11)+(U11-1)+(5-V11)+(W11-1)+(5-X11)+(Y11-1)+(5-Z11))*2.5,"")
A12: P-11 | AB12: =IF(COUNT(Q12:Z12)=10,((Q12-1)+(5-R12)+(S12-1)+(5-T12)+(U12-1)+(5-V12)+(W12-1)+(5-X12)+(Y12-1)+(5-Z12))*2.5,"")
A13: P-12 | AB13: =IF(COUNT(Q13:Z13)=10,((Q13-1)+(5-R13)+(S13-1)+(5-T13)+(U13-1)+(5-V13)+(W13-1)+(5-X13)+(Y13-1)+(5-Z13))*2.5,"")
... A41: P-40 | AB41: =IF(COUNT(Q41:Z41)=10,((Q41-1)+(5-R41)+(S41-1)+(5-T41)+(U41-1)+(5-V41)+(W41-1)+(5-X41)+(Y41-1)+(5-Z41))*2.5,"")
